<?xml version="1.0" encoding="UTF-8" ?>
<entity-mappings xmlns="http://java.sun.com/xml/ns/persistence/orm"
	xmlns:xsi="http://www.w3.org/2001/XMLSchema-instance"
	xsi:schemaLocation="http://java.sun.com/xml/ns/persistence/orm http://java.sun.com/xml/ns/persistence/orm_2_0.xsd"
	version="2.0">
	<package>de.hawhamburg.se</package>
	<entity class="de.hawhamburg.se.Customer" name="Customer">
		<table name="CUSTOMER" />
		<attributes>
			<id name="id">
				<generated-value strategy="SEQUENCE" generator="CUSTOMERGEN"/>
				<sequence-generator name="CUSTOMERGEN" sequence-name="CUSTOMERSEQ"/>
			</id>
			<basic name="name">
				<column name="NAME" length="50" />
			</basic>
			<basic name="surname">
				<column name="surNAME" length="50" />
			</basic>
		</attributes>
	</entity>
</entity-mappings>